Sabina Webb,25,"Java,Python,iOS"
Pearce Valdez,27,"Web,Python"
Jesse Singh,23,"Web,Android,iOS"
Noor Mckinney,21,"Web,Python,iOS"
Elaina Singleton,35,"Java,Android"
Paddy Wade,32,"Java,Android"
Genevieve Simpson,24,"Web,Python,iOS"
Nathaniel Fitzpatrick,28,"Java,Android,iOS"
Marianna Villalobos,38,"Web,Android"
Sanah Jacobs,41,"Java,Python,iOS"
Romany Burnett,36,"Web,Python"
Simran Preston,29,"Java,Android"
Kaja Wallace,29,"Java,Python"
Aaliya Adkins,39,"Web,Python,iOS"
Sanjay Montes,29,"Java,Android,iOS"
Cleveland Key,39,"Java,Android,iOS"
Orlaith Anderson,31,"Web,Python,iOS"
Bushra Easton,34,"Java,Python"
Joshua Dudley,20,"Web,Python,iOS"
Frances Beaumont,30,"Java,Android"
Huw Tang,34,"Web,Android,iOS"
Jaspal Savage,24,"Java,Python,iOS"
Rio Obrien,24,"Web,Android,iOS"
Renae Charlton,24,"Java,Android,iOS"
Hester Ireland,38,"Web,Python,iOS"
Isla-Mae Arias,34,"Web,Python"
Moesha Garrison,25,"Web,Android,iOS"
Tanya Maxwell,22,"Java,Python"
Seamus Greenaway,21,"Web,Android,iOS"
Maariya Barnett,29,"Web,Python,iOS"
Abdullah Solis,21,"Java,Python,iOS"
Rima Salinas,32,"Java,Python"
Lily-Anne Carney,33,"Java,Android,iOS"
Caspian Yu,22,"Web,Python"
Aron Stevenson,37,"Web,Android"
Steve Ali,30,"Web,Android,iOS"
Louisa Klein,35,"Web,Android,iOS"
Nathanial Mcdowell,25,"Java,Python"
Amie Smyth,30,"Java,Python,iOS"
Livia Whittington,33,"Web,Python,iOS"
Yasmin Bateman,36,"Java,Python,iOS"
Briony Hagan,29,"Java,Python,iOS"
Bert Lane,24,"Java,Python"
Adeline Fleming,34,"Java,Android,iOS"
Annabell Mccormack,36,"Web,Python"
Herbert Fischer,33,"Java,Python,iOS"
Abdurrahman Carver,19,"Java,Python"
Kaine Jeffery,28,"Java,Python"
Jem Shaffer,26,"Java,Android"
Bayley Mcgregor,33,"Java,Android"
Carole Clayton,26,"Web,Python,iOS"
Asher Burke,22,"Java,Android,iOS"
Sachin Caldwell,36,"Java,Python"
Leanne Gay,30,"Java,Android,iOS"
Merlin Felix,39,"Web,Python"
Jose O'Ryan,20,"Web,Android,iOS"
Anya Sandoval,32,"Web,Python"
Salma Mullins,26,"Web,Python"
Tyson Findlay,30,"Web,Android,iOS"
Opal Squires,18,"Web,Python,iOS"
Paula Corbett,39,"Web,Python"
Una Dyer,35,"Java,Android,iOS"
Zayd Keenan,31,"Java,Android,iOS"
Maya Drew,26,"Java,Python"
Skye Bravo,23,"Web,Python"
Jeanne Houston,28,"Web,Android,iOS"
Shayla Freeman,38,"Java,Android"
Acacia Barrett,25,"Java,Android,iOS"
Albi Roche,30,"Java,Python,iOS"
Zhane Chandler,34,"Java,Python,iOS"
Maryam Howard,22,"Web,Python"
Digby Goodwin,26,"Java,Python"
Eira Reed,27,"Web,Android"
Madeline Talbot,24,"Web,Python,iOS"
Elaine Welsh,42,"Web,Android"
Violet Macleod,20,"Java,Python,iOS"
Aman Ryder,43,"Web,Python"
Sophia Riggs,36,"Web,Android"
Danyaal Haley,29,"Web,Python,iOS"
Cassandra Mcclain,18,"Java,Python,iOS"
Ryder Naylor,34,"Web,Android"
Clementine Randolph,34,"Java,Android,iOS"
Aleyna Hibbert,31,"Java,Android"
Enrique Hough,35,"Java,Android"
Tea Castro,38,"Java,Python"
Madeleine Walsh,39,"Java,Python"
Eoghan Martins,28,"Web,Python,iOS"
Carys Howells,31,"Java,Python"
Alanna Burris,24,"Web,Android"
Reece Paine,33,"Java,Android,iOS"
Merryn Legge,25,"Java,Android"
Asif Doyle,22,"Java,Python"
Adrienne Herrera,20,"Java,Android,iOS"
Elouise Adamson,19,"Web,Python"
Yusha Wickens,18,"Java,Android,iOS"
Saira Compton,22,"Java,Python,iOS"
Klara Monroe,38,"Java,Android,iOS"
Sahra Herman,42,"Java,Android"
Pia Lyon,20,"Web,Python,iOS"
Jacques Goulding,43,"Java,Android,iOS"